i,objective_cost,primal_residual,dual_residual,time
1,-3.059651956829163,1.9396668972742466,126.05067036256996,0.0076174450000000005
50,-2.1613603792366582,0.0038010477379192627,1.5214023679143147,0.12195753799999998
100,-2.387537597056365,0.007577095384574133,0.08650253087184664,0.21885207499999998
150,-2.419156286778016,0.00047832784728325475,0.08615354958325147,0.320526515
200,-2.424221058915312,0.0006870940206506264,0.014222081109001736,0.441230222
225,-2.419010482060389,0.0004737045709271047,0.0007944011416981805,0.497056062
