i,objective_cost,primal_residual,dual_residual,time
1,-3.499702837980138,0.6788793403542869,26.904785116957235,0.0025433900000000342
50,-6.304161502283417,0.004335277658949891,0.12381267230997499,0.041357268
100,-6.318190432918375,7.035500246013378e-05,0.004219940277857986,0.08036030900000002
104,-6.317255385208201,0.0002250463411758505,0.0009525149652503259,0.083557718
