i,objective_cost,primal_residual,dual_residual,time
1,-4.165611690877372,1.1876247697380662,50.98131113061325,0.002835397999999989
50,-6.1365522339517184,0.013540053895044727,0.6107873206568392,0.05113542999999998
100,-6.465558836549615,0.009342947305482716,0.26481333222672576,0.10203416500000001
150,-6.44334902615428,0.0003673088443258985,0.024565826272766385,0.157719587
195,-6.443529925890464,0.00035484034485966056,0.0009296033758925801,0.20505622
