i,objective_cost,primal_residual,dual_residual,time
1,-2.7557037716976014,0.68126788166167,3.6369321186948924,0.18371361900000005
50,-6.351070225493038,0.012479269519824292,0.4202731998979946,0.244830015
100,-6.305628178245216,0.0022963008044171443,0.03884552601647437,0.30338495900000007
150,-6.315885983691953,0.0004698438676602333,0.002419997505672322,0.35971676099999994
152,-6.315801799176084,0.0005071704972134225,0.0005997848216480077,0.361701908
