i,objective_cost,primal_residual,dual_residual,time
1,-2.7613163048090956,3.947137289633095,16.620941427138074,1.8879900230000002
50,-2.1227709597506,0.00847399990058196,0.59038402846923,2.0160402619999997
100,-2.4131282423099725,0.001888314395898166,0.02738911770454804,2.129051487
150,-2.421173759292066,4.40583921855639e-05,0.007875348569642155,2.243999056
160,-2.424154856207106,0.0006682187862470536,0.0005824846855379961,2.2713590999999997
