i,objective_cost,primal_residual,dual_residual,time
1,-2.761210894399319,0.9381483711418495,4.766502784902325,0.03268748999999993
50,-6.205003937894999,0.05436736284985935,0.3032630779263384,0.0891149
100,-5.937797279670464,0.008798027305154499,0.06251316356735444,0.14560380299999998
150,-5.959740177169316,0.003748608576521584,0.0034672980803465577,0.20765147299999998
200,-5.960397957299559,0.0007903425479444642,0.008583094801224064,0.26792912999999996
236,-5.961269012054123,0.0006678293286096378,0.0005897560078461959,0.31136361199999996
