i,objective_cost,primal_residual,dual_residual,time
1,-2.755626132713228,2.1325294261303336,9.14161403889897,0.12880453500000005
50,-3.485202381610871,0.048556834141036787,0.40005763207510364,0.21540868200000002
100,-3.49151615260884,0.009639071331875719,0.01198469738497384,0.298854111
150,-3.5429437984945418,0.001237767509885598,0.022900348253201218,0.38221372400000003
194,-3.5416367060190814,0.0009732048379211938,0.0009573505324411193,0.455926899
